name,link,num_nodes,num_edges,services,goals
Airbnb: Securing MultiTenant Kubernetes Clusters at Scale,https://www.youtube.com/watch?v=WS2Qgx0qgCM,6,8,"EC2,OpenSearch,STS,CloudTrail,IAM",control
Epsagon: Automatically Tracing and Analyzing Billions of AWS Serverless Events,https://www.youtube.com/watch?v=AzM_d7ZvzUE,11,20,"DynamoDB,Glue,Firehose,Athena,Aurora,S3,Lambda,Kinesis",data_ingestion
Intuit: Serving 7 Million Customers Using Amazon Connect,https://www.youtube.com/watch?v=6LcSv9XocTY,11,18,"ThirdParty,Firehose,Transcribe,Connect,Comprehend,Athena,UserConsumerWeb,S3,Lambda","data_ingestion,interactive"
Hexagon HxDR: Cloud-Based Visualization of Spatial Data,https://www.youtube.com/watch?v=3yJZ6rPoZfg,7,9,"VPC,UserConsumerEdge,EC2,SQS,S3,EKS",compute_intensive
TRI-AD: Large-Scale and High-Performance Distributed Training Platform,https://www.youtube.com/watch?v=JRDGId6N49E,6,3,"ThirdParty,EC2,ServiceCatalog,CloudFormation,S3",compute_intensive
Hudl: Ingesting and Transcoding Video Data Using AWS,https://www.youtube.com/watch?v=KgRib8AM0fs,7,8,"UserConsumerEdge,EC2,UserConsumerWebMobile,SQS,S3,Lambda,CloudWatch",compute_intensive
Homegate AG: A Serverless Real Estate Platform,https://www.youtube.com/watch?v=eEfWd4EgH_s,10,10,"StepFunctions,DynamoDB,ApiGateway,Lambda,CloudWatch,SNS,UserCompanyDataStream",data_ingestion
Syntax: Extract and Leverage SAP Data with AWS Services,https://www.youtube.com/watch?v=YV8e36ZywLk,5,4,"ThirdParty,KinesisDataStream,S3,Lambda,SNS",other
Nasuni: Building a Global File Lock Service on AWS,https://www.youtube.com/watch?v=_vjB_vF4Uec,6,9,"UserConsumerEdge,DynamoDB,EC2,ELB,Lambda,Route53",interactive
Marathon Oil: Automating Drone Image Processing to Monitor Equipment Health,https://www.youtube.com/watch?v=ww5fiygF6eg,10,20,"StepFunctions,ThirdParty,UserCompanyDrone,StorageGateway,S3,Lambda,CloudWatch","data_ingestion,interactive"
Swiss Post Ltd: Security and Compliance of AWS Accounts at Scale German,https://www.youtube.com/watch?v=a1sEfGVDpEQ,10,13,"StepFunctions,ThirdParty,Firehose,GuardDuty,SecurityHub,S3,Lambda",data_ingestion
Aramex: Leveraging AI ML to Enhance Customer Experience,https://www.youtube.com/watch?v=JVcKidzqpYY,9,13,"DynamoDB,RedShift,Glue,ApiGateway,UserConsumerMobile,S3,SageMaker,Lambda,UserCompanyDataStream","data_ingestion,interactive"
"SoftChef: Building AWS Iot Application Using an Innovative, Fully Serverless Architecture (Mandarin)",https://www.youtube.com/watch?v=FHdtOtznWuA,10,18,"IoTCore,UserConsumerEdge,DynamoDB,CloudFormation,UserConsumerWebMobile,ApiGateway,Greengrass,Cognito,Lambda,ServerlessApplicationRepository",control
Fugue: Staying in Compliance by Automating Drift Detection,https://www.youtube.com/watch?v=Gds8hl8dKuo,8,12,"DynamoDB,EC2,UserCompanyAgent,KMS,SQS,S3,SNS",control
SonarSource: Automatic Code Analysis in the Cloud with AWS,https://www.youtube.com/watch?v=u3ZwnulzLnU,8,13,"Fargate,ThirdParty,EC2,SQS,Aurora,Lambda,UserCompanyDeveloper",data_ingestion
OLX Autos: Building Developer Platform for Rapid Global Expansion,https://www.youtube.com/watch?v=1aYoIZvabbk,6,5,"ALB,SQS,UserCompanyDeveloper,EKS,SNS,Route53",control
Datacoral: Using Serverless to Create Data Pipelines,https://www.youtube.com/watch?v=JiWHomdh1oI,7,11,"DynamoDB,RedShift,Lambda,S3,UserCompanyDataStream",data_ingestion
DBS Bank: Architecting Quant Pricing Engine for Performance with Amazon ElastiCache,https://www.youtube.com/watch?v=bqZWYmRAka0,5,5,"ThirdParty,UserConsumerAPI,ElastiCache,ALB,ECS",compute_intensive
Anchor Operating System: Building a Serverless Guest Sightseeing Journey Seamlessly,https://www.youtube.com/watch?v=c-1GXhOOOww,9,16,"UserConsumerAPI,DynamoDB,ThirdParty,Lambda,SQS,ApiGateway,UserConsumerMobile,S3,AppSync",interactive
Akatsuki: Building Stable and Scalable Large Scale Game Servers with Amazon ECS (Japanese),https://www.youtube.com/watch?v=7dtomip_VXc,8,11,"AutoScaling,ElastiCache,ALB,ECS,UserConsumerMobile,Aurora,Lambda,CloudWatch",interactive
CEPSA: Finding the Best Internal Talent Using Amazon Neptune Spanish,https://www.youtube.com/watch?v=FftalZUxyiM,9,14,"StepFunctions,DynamoDB,Neptune,UserConsumerWeb,ApiGateway,S3,Lambda",data_ingestion
Klika Tech and Stonehenge: Smart Apartments with Alexa  AWS IoT Special Episode,https://www.youtube.com/watch?v=XgJUsBDQILQ,9,8,"IoTCore,DynamoDB,OpenSearch,QuickSight,IoTAnalytics,Lambda,AlexaForBusiness,RDS,UserConsumerIOT",data_ingestion
JFrog: Distribute Software Artifacts securely using SaaS Solutions,https://www.youtube.com/watch?v=nvhG60gFbso,13,16,"VPC,ThirdParty,NLB,EC2,PrivateLink,TransitGateway,S3,DirectConnect,EKS,RDS",interactive
Smadex: Serving Billions of Ads with Amazon ElastiCache for Redis (Spanish),https://www.youtube.com/watch?v=l0mvXogANE4,8,14,"ElastiCache,EC2,Athena,UserConsumerWeb,SQS,S3,Lambda","data_ingestion,interactive"
Next Caller: Phone Caller Fraud Detection with AWS Sagemaker,https://www.youtube.com/watch?v=K27WjYwyqw8,8,11,"DynamoDB,SQS,ApiGateway,UserConsumerMobile,SageMaker,S3,Lambda",interactive
Jubilant FoodWorks: Driving a Quality Customer Experience Using Data Lake,https://www.youtube.com/watch?v=G07keU4g-LU,10,21,"ThirdParty,RedShift,UserCompanyAnalyst,UserConsumerPOS,DMS,EMR,Athena,UserConsumerMobile,S3",data_ingestion
AWS Solutions:  AI Powered Speech Analytics for Amazon Connect,https://www.youtube.com/watch?v=kD57QUn5myc,10,12,"DynamoDB,UserCompanyAgent,Transcribe,Connect,Comprehend,UserConsumerMobile,S3,Lambda,Kinesis,Translate",other
Depop: RealTime Data Ingestion and Analysis,https://www.youtube.com/watch?v=pwxhclKcMas,10,13,"Glue,UserCompanyAPI,EMR,Athena,S3,Lambda,Kinesis","data_ingestion,compute_intensive"
FanFight: Building a Realtime Fantasy League Gaming Platform on AWS,https://www.youtube.com/watch?v=3WgTBTDlQN8,9,14,"RedShift,UserCompanyAPI,EC2,EMR,ApiGateway,UserConsumerMobile,S3,Lambda,CloudWatch","data_ingestion,interactive"
ZS Associates: Building a SelfService Enterprise Data Engineering Platform,https://www.youtube.com/watch?v=JG5p-i8Cr2E,11,24,"Glue,EC2,IAM,EMR,SQS,SES,S3,EKS,RDS,UserCompanyDeveloper",control
Voodoo: Perform Recommendations Using Machine Learning (French),https://www.youtube.com/watch?v=G5tNCpmD2uQ,9,12,"DynamoDB,EC2,EMR,ALB,UserConsumerMobile,SageMaker,S3,ECS",interactive
Threat Stack: Proactive Risk Identification and Real-time Threat Detection across AWS,https://www.youtube.com/watch?v=INog0_9tCtY,14,19,"VPC,ThirdParty,EC2,OpenSearch,UserCompanyAnalyst,CloudTrail,EMR,Athena,S3,SageMaker",data_ingestion
Healthfirst: Wrangling Data the Event Driven Way,https://www.youtube.com/watch?v=XpFNznmRoQ0,12,16,"StepFunctions,RedShift,Glue,Lambda,CloudFormation,SQS,S3,SageMaker,UserCompanyDataStream",data_ingestion
Adikteev: ROI Analysis of Advertising Campaigns From Data Ingestion to Prediction Dashboards,https://www.youtube.com/watch?v=az-C2c33trQ,8,17,"ThirdParty,RedShift,UserConsumerWeb,S3,EKS,RDS",data_ingestion
HubSpot: Task Queueing System Built on top of Amazon SQS,https://www.youtube.com/watch?v=aOY6YCpcjz8,11,14,"SQS,ThirdParty,UserCompanyAPI,EC2",compute_intensive
Capillary Technologies: Building an OmniChannel Data Ingestion Platform,https://www.youtube.com/watch?v=KywvGM6HVXI,11,22,"DynamoDB,EC2,ALB,UserConsumerWeb,ApiGateway,SQS,Lambda,Kinesis,UserCompanyDeveloper",data_ingestion
Pernod Ricard: Shortening URLs on a Global Scale with Low Latency French,https://www.youtube.com/watch?v=F4KDOGNpSoI,14,19,"DynamoDB,Glue,CloudFront,Firehose,LambdaAtEdge,Athena,ApiGateway,UserConsumerMobile,S3,Lambda,RDS,UserCompanyDeveloper","data_ingestion,interactive"
Wix: Serverless Platform for End-to-End Browser Testing using Chromium on AWS Lambda,https://www.youtube.com/watch?v=hbz63Ve-eIY,6,13,"DynamoDB,CloudWatch,S3,Lambda,Cognito,UserCompanyDeveloper",control
Contino: Measuring and Communicating The Business Impact of Landing Zones with Flight Controller,https://www.youtube.com/watch?v=unFVfqj9cQ8,8,7,"Timestream,CodePipeline,DynamoDB,SystemsManager,Grafana,ControlTower,EventBridge,Lambda",data_ingestion
BookMyShow: How BMS Scaled Data Analytics to Handle 28M Ticket Sales with Modern Data Architecture,https://www.youtube.com/watch?v=RU__HBEMDvQ,9,10,"StepFunctions,RedShift,Glue,UserCompanyAnalyst,QuickSight,EMR,S3,SageMaker,UserCompanyDataStream",data_ingestion
CloudHealth by VMware: Secure State. Manages Over 50M Assets from Billions of Events on AWS,https://www.youtube.com/watch?v=6EUknQqaV1w,9,11,"ThirdParty,DynamoDB,OpenSearch,Neptune,KinesisDataStream,UserCompanyDataStream,CloudWatch",data_ingestion
Carbon by Indigo: Carbon Credits for Regenerative Agriculture,https://www.youtube.com/watch?v=FfSNnH2bbNc,8,19,"Fargate,ElastiCache,EC2,UserConsumerWeb,S3,UserConsumerSatellite,Lambda,RDS","data_ingestion,interactive"
ZS Associates: Intelligent Process Automation Using AWS AI Services,https://www.youtube.com/watch?v=mq3XuoN0rUM,9,13,"Polly,ThirdParty,EC2,VPCPeering,Transcribe,Comprehend,S3,RDS,UserCompanyDeveloper",compute_intensive
SynchroNet: Extending User Automation and Amazon WorkSpaces Provisioning with AWS Step Functions,https://www.youtube.com/watch?v=Q6r_QbYXFpg,11,9,"StepFunctions,ThirdParty,WorkSpaces,SQS,ApiGateway,S3,Lambda,Cognito,RDS",other
Fortinet Uses AWS Serverless to Provide a Highly Available ControlPlane for their FortiWeb CloudWAF,https://www.youtube.com/watch?v=Yju3yReAQtc,7,7,"DynamoDB,CloudFront,OpenSearch,ApiGateway,S3,Lambda,UserCompanyInternalPlatform",interactive
Property Finder: Running Production Workloads with Amazon EKS on 100% Amazon EC2 Spot Instances,https://www.youtube.com/watch?v=cnZeOytEkIM,6,6,"EC2,ALB,UserConsumerWeb,EventBridge,Lambda,EKS",interactive
L&T Technology Services: Monitor & Analyze the Health of Industrial Equipment Using LTTS UBIQWeise,https://www.youtube.com/watch?v=DrkaU99l9S8,12,13,"IoTCore,UserConsumerEdge,ThirdParty,QuickSight,UserConsumerWeb,SageMaker,S3,Lambda,Kinesis,IoTAnalytics",data_ingestion
PwC: Streamlining Asset Tracking with Amazon Managed Blockchain,https://www.youtube.com/watch?v=KzJKdUZ3Ba4,4,6,"IoTCore,ThirdParty,UserConsumerMobile",interactive
"Main Street America Insurance: The Independent Agent Portal, Breaking up the Monolith",https://www.youtube.com/watch?v=wjtSHyENv0I,8,14,"DynamoDB,EC2,CloudFront,UserConsumerWeb,ApiGateway,S3,Lambda",interactive
Homesite: Event-Driven Data Analytics Platform Using Amazon Neptune,https://www.youtube.com/watch?v=j9OZ-7aCAyA,9,15,"StepFunctions,ThirdParty,DynamoDB,Glue,Lambda,Neptune,SQS,S3,UserCompanyDataStream",data_ingestion
Astana International Exchange: Running a Stock Exchange in the Cloud,https://www.youtube.com/watch?v=IP03SkGbP-U,8,7,"DynamoDB,EC2,ALB,UserConsumerWeb,ECR,ECS,RDS,Route53",interactive
Bitmovin: Distributed Video Encoding on AWS,https://www.youtube.com/watch?v=lcLw-Le_tXQ,6,7,"EC2,UserConsumerAPI,EKS,S3",compute_intensive
Viz ai: Improving Outcomes for Stroke Victims Using Artificial Intelligence Special Episode,https://www.youtube.com/watch?v=jpewc52m4tg,17,14,"ThirdParty,EC2,CloudFront,KMS,GuardDuty,Macie,SQS,VPN,Inspector,UserConsumerMobile,S3,Lambda,RDS,UserConsumerIOT",compute_intensive
Novartis - Buying Engine: AI-powered Procurement Portal,https://www.youtube.com/watch?v=vp8oPiHN4cA,14,19,"StepFunctions,DynamoDB,OpenSearch,Neptune,UserConsumerWeb,ApiGateway,SageMaker,S3,Lambda,Kinesis","data_ingestion,interactive"
ContactSuite: Automated Omni-Channel Service Desk Workflow,https://www.youtube.com/watch?v=BPvr0qWpJlA,10,9,"DynamoDB,UserCompanyAgent,Connect,UserCompanyCRM,UserConsumerMobile,Lambda,ECS,RDS,UserCompanyDataStream",interactive
Expedia: Salesforce Integration with AWS,https://www.youtube.com/watch?v=f5EJBUfGZtw,10,8,"UserConsumerAPI,ThirdParty,Glue,EC2,SQS,Aurora,S3,Lambda,ECS",data_ingestion
mimik: Hybrid Edge Cloud Leveraging AWS to Support Edge Microservice Mesh,https://www.youtube.com/watch?v=-S-R7MWRpaI,8,11,"ThirdParty,DynamoDB,Firehose,UserConsumerMobile,S3,Kinesis,EKS","data_ingestion,interactive"
Zillow: Near Real-Time Natural Language Processing (NLP) for Customer Interactions,https://www.youtube.com/watch?v=w-qGSyzDL6g,12,16,"ThirdParty,UserCompanyAnalyst,Firehose,Lambda,Transcribe,Batch,ECR,S3,UserCompanyDataStream,ECS,SNS",data_ingestion
PixelStrings by Cinnafilm: A Flexible & Scalable Platform for Video Audio Optimization & Conversion,https://www.youtube.com/watch?v=BZ32w0SSAoY,7,19,"ThirdParty,EC2,UserConsumerWeb,S3,Lambda",compute_intensive
Accolade: Security and Operational Excellence in Healthcare LIVE,https://www.youtube.com/watch?v=Jz2RPRhF6Fs,10,13,"ThirdParty,DynamoDB,CloudFront,ELB,LambdaAtEdge,ALB,ApiGateway,UserConsumerMobile,Lambda",interactive
Snap: Journey of a Snap on Snapchat Using AWS,https://www.youtube.com/watch?v=Cgv0kfp_6xQ,10,14,"ElastiCache,DynamoDB,CloudFront,UserConsumerMobile,S3,EKS",interactive
Freightways: Delivering 50M packages with Serverless Tracking Solution,https://www.youtube.com/watch?v=E8wYXtvGy5k,10,12,"Fargate,DynamoDB,SQS,UserConsumerWeb,UserConsumerMobile,Lambda,SNS",interactive
Veracode: Eliminating Application Security Bugs Through DevSecOps at Scale,https://www.youtube.com/watch?v=Wk9mCHyjtBU,10,16,"ThirdParty,DynamoDB,EC2,KMS,Batch,UserConsumerWeb,S3,Lambda","compute_intensive,interactive"
WarnerMedia: Cloudbased Linear Playout System,https://www.youtube.com/watch?v=hMK2NJ-q9nc,6,5,"EC2,CloudFormation,S3,DirectConnect,UserCompanyEdge,UserCompanyDataStream",compute_intensive
Replicon: MultiTenant SaaS Solution with Bring Your Own Key BYOK Encryption for Enterprises,https://www.youtube.com/watch?v=8ZRWzn0G39g,12,38,"Fargate,UserConsumerAPI,DynamoDB,EC2,KMS,ApiGateway,Aurora,ECS,EKS",interactive
Extreme Reach: The AdBridge Platform on AWS Handles 80%+ of all Commercials in the US,https://www.youtube.com/watch?v=5EmA67lSJEs,11,20,"UserConsumerAPI,EC2,CloudFront,ELB,WAF,SQS,UserConsumerWeb,S3","compute_intensive,interactive"
NextRoll: Driving OpEx Efficiency for Ad Bidding Engines LIVE,https://www.youtube.com/watch?v=WxMBuBBIwpI,6,7,"EC2,ELB,EBS,S3,Lambda,ECS",data_ingestion
Spot.io: Optimizing Cloud Infrastructure Through Secure Cost Aware Automation,https://www.youtube.com/watch?v=A4Lfk1Zz1dE,8,5,"EC2,CloudFormation,IAM,Aurora,SageMaker,EKS",control
EMnify: Building a Cloud Native Mobile Network for IoT Leveraging AWSs Global Infrastructure,https://www.youtube.com/watch?v=SC6n6J8Bi58,11,15,"ThirdParty,EC2,UserConsumerDeveloper,ApiGateway,Aurora,DirectConnect,ECS,UserConsumerIOT",interactive
ABEJA: Building a Machine Learning Platform that Fully Utilizes Container Technologies Japanese,https://www.youtube.com/watch?v=66h7DrOEF5k,9,9,"ThirdParty,DynamoDB,EC2,CloudWatch,ALB,S3,Lambda,ECS",compute_intensive
Advance Local: Automating CrossTeam Collaboration with AWS Lambda,https://www.youtube.com/watch?v=1SwHH7qQ6Pc,10,13,"ThirdParty,DynamoDB,ApiGateway,UserConsumerMobile,S3,Lambda,Cognito","control,interactive"
Keen Eye: Building Deep Learning Models for Digital Pathology Image Analysis,https://www.youtube.com/watch?v=2XVgpMwY5iE,7,12,"FSX,UserCompanyAgent,IAM,SageMaker,S3,UserCompanyDataStream,EKS",data_ingestion
Openfit: ChatOps with Slack and AWS Lambda,https://www.youtube.com/watch?v=Kebb0LOVC28,9,21,"ThirdParty,CodePipeline,ApiGateway,ECR,Lambda,SNS,CodeBuild,UserCompanyDeveloper",control
Grabyo: Using Serverless for Smart Capacity Provisioning and Orchestration,https://www.youtube.com/watch?v=ktonI7J3kLY,5,8,"Lambda,CloudWatch,DynamoDB,EC2","control,interactive"
CleverTap: Building a Fully Version Controlled Infrastructure as Code on AWS,https://www.youtube.com/watch?v=JcHSFIZMYHc,8,9,"ThirdParty,CodePipeline,CloudFormation,ApiGateway,S3,Lambda,CodeBuild",control
Deep Instinct: Collecting RT Statistics and Applying RT Decisions with Lambda@Edge,https://www.youtube.com/watch?v=IV3KuMGVNXI,7,17,"DynamoDB,CloudFront,UserCompanyAgent,LambdaAtEdge,S3",interactive
Strikingly: Build a Website in 20 Minutes on AWS,https://www.youtube.com/watch?v=plce6pRdx6o,8,6,"ElastiCache,EC2,ELB,SQS,ECS,SNS,RDS",other
Delhivery: Building a Supply Chain Technology Platform for Speed  Network Optimization,https://www.youtube.com/watch?v=WZ4YL4Z177Q,12,14,"UserConsumerAPI,EC2,OpenSearch,UserConsumerWebMobile,ApiGateway,S3,Lambda,Kinesis,ECS,SNS,RDS","data_ingestion,interactive"
DataDog: Scaling Kubernetes with Metaclusters on AWS,https://www.youtube.com/watch?v=wzj2VQutJws,9,8,"ELB,EC2",control
Logicworks: HIPAA Compliance and SSL Termination with Thousands of Certificates,https://www.youtube.com/watch?v=R-DPMUjZEf4,7,6,"EC2,NLB,ELB,UserConsumerWeb,RDS",other
HBO Max: Using Canaries for Outside-in Validation,https://www.youtube.com/watch?v=D9qTotVJYss,6,10,"UserCompanyAgent,Lambda,S3,AppSync,CloudWatch,Amplify",data_ingestion
Cation Consulting: How to Build a Scalable Chatbot and Deploy to Europe's Largest Airline,https://www.youtube.com/watch?v=dAQhNjwkOX8,14,24,"Lex,UserConsumerAPI,OpenSearch,QuickSight,UserCompanyAgent,Comprehend,ApiGateway,SageMaker,Lambda,SNS,RDS","data_ingestion,interactive"
HP: Serverless Data Pipeline to Process Manufacturing Data From Assembly Lines in Near Real-Time,https://www.youtube.com/watch?v=KM5ONS2fnG0,10,20,"DynamoDB,Glue,OpenSearch,Lambda,Athena,Aurora,S3,UserCompanyDataStream,Kinesis",data_ingestion
Northwestern Mutual: Reducing CI CD Cycle Time with Automation Using AWS CDK Serverless Architecture,https://www.youtube.com/watch?v=SpIlpGxuwFM,8,8,"ThirdParty,DynamoDB,KinesisDataStream,ApiGateway,Lambda,CloudWatch,SNS,UserCompanyDeveloper",other
Leaven: Machine Learning at Massive Scale to Protect Human Life,https://www.youtube.com/watch?v=cZuoiXQ0xUk,8,13,"ThirdParty,DynamoDB,UserCompanyAgent,MediaConvert,SageMaker,S3,Lambda",compute_intensive
DXC  Munich Re: Amazon Connect with AWS Machine Learning Services,https://www.youtube.com/watch?v=cmlhEbm1kPk,9,18,"Lex,Polly,DynamoDB,MediaConnect,Transcribe,S3,Lambda,Translate",compute_intensive
Zalando: Highly Scalable Data Processing Pipeline,https://www.youtube.com/watch?v=RxAmb57NCPM,13,12,"ThirdParty,UserCompanyAPI,SQS,S3,Lambda,SNS",data_ingestion
Snyk: CICD Pipelines and Security Controls for Application Developers,https://www.youtube.com/watch?v=iWK0iRUi-b4,8,12,"StepFunctions,CodePipeline,DynamoDB,UserConsumerWeb,ApiGateway,S3,EventBridge,Lambda",interactive
NuData Security: Identity Validation with Amazon SageMaker,https://www.youtube.com/watch?v=c2TGPlvAHLs,6,5,"StepFunctions,RedShift,ApiGateway,SageMaker,S3,Lambda","compute_intensive,interactive"
Hancom: Building a Real-time Office Collaboration Service (Korean),https://www.youtube.com/watch?v=qgW8LQ8iBuA,10,4,"ThirdParty,ElastiCache,EC2,UserCompanyAgent,ELB,Aurora,S3",data_ingestion
Panasonic Avionics: Weather Data and ML Models Improve In-Flight Entertainment Customer Satisfaction,https://www.youtube.com/watch?v=Pc7_uOdlGKo,9,9,"Glue,QuickSight,UserCompanyAgent,Athena,UserConsumerMobile,SageMaker,S3,LakeFormation",data_ingestion
TrueBlue: Scaling Job Matching with a Serverless Delta Lake,https://www.youtube.com/watch?v=iKYvG5aiIn8,9,7,"StepFunctions,ThirdParty,Glue,UserCompanyAnalyst,DMS,SQS,S3,EventBridge",data_ingestion
Brain Power Fidgetology: Automatic Analysis of Body Language Using Serverless and AI on AWS,https://www.youtube.com/watch?v=mpgM2qeAfaQ,9,10,"KinesisVideo,UserCompanyAnalyst,UserConsumerWebMobile,ApiGateway,Lambda,Kinesis,Rekognition,UserConsumerIOT",compute_intensive
Bajaj Housing Finance Limited: Serverless Data Pipelines with AWS Glue and Amazon Aurora PGSQL,https://www.youtube.com/watch?v=uNAmsoLed1E,10,15,"Glue,EC2,Lambda,DMS,KMS,Aurora,S3,UserCompanyDataStream,RDS",data_ingestion
Cookpad: Security Architecture to Monitor and Analyze Secure Logs using AWS (English),https://www.youtube.com/watch?v=qN5-v4NlKac,10,10,"ThirdParty,EC2,Firehose,CloudTrail,Athena,S3,Lambda",data_ingestion
Enimbos:Creating a Saving Costs Management Platform using Serverless Compute Engine on AWS Span ,https://www.youtube.com/watch?v=DkPPwq517aE,10,14,"Fargate,CloudFront,WAF,CloudWatch,UserConsumerWeb,ApiGateway,SQS,S3,ECS,RDS","control,interactive"
NAB: Automating Cloud Governance at the National Australia Bank,https://www.youtube.com/watch?v=7V8wTCkjOqo,7,7,"ThirdParty,DynamoDB,Lambda,ECS,SNS,RDS",other
"Love, Bonito: Achieving Scalability Using Magento with Kubernetes",https://www.youtube.com/watch?v=BX1K8x1lVLc,8,14,"ElastiCache,EC2,CloudFront,UserConsumerWeb,ECR,Aurora,S3,EKS",interactive
Mobilewalla: S3 Access Monitoring Using ML,https://www.youtube.com/watch?v=8s0wGRkiDrw,5,4,"OpenSearch,Lambda,SNS,S3",data_ingestion
Lean Grids Services: Adaptable Data Platform Based on a Serverless Architecture Spanish,https://www.youtube.com/watch?v=J4vHfpL66Zk,10,17,"StepFunctions,UserConsumerAPI,RedShift,QuickSight,DMS,EMR,Athena,S3,SageMaker,Kinesis",data_ingestion
IHS Markit: Virtual Instructor-Led Trainings with IHS Markit (now part of S&P Global),https://www.youtube.com/watch?v=7LziNjUTo7w,9,16,"FSX,EC2,SystemsManager,CloudFormation,UserConsumerWeb,Lambda,RDS,AppStream",interactive
Mytona: How a ML Recommendation System was Built for Gaming,https://www.youtube.com/watch?v=XUCGMzLx8wY,8,9,"MSK,EC2,ECR,UserConsumerMobile,SageMaker,S3,Lambda,ECS",data_ingestion
econda GmbH: Building a RealTime Personalization Engine with Amazon Sagemaker and AWS ECS,https://www.youtube.com/watch?v=OuQvFd44vw4,10,9,"ThirdParty,SecretsManager,UserCompanyAPI,ECR,SageMaker,S3,Lambda,ECS","compute_intensive,interactive"
Pason Systems: Petabyte Scale Drilling Datamart on AWS LIVE,https://www.youtube.com/watch?v=tVjrkpjWG5o,7,8,"ThirdParty,UserConsumerAPI,EC2,EMR,S3,RDS","data_ingestion,compute_intensive"
Qonto: How to Leverage Serverless Technologies to Quickly Achieve PCIDSS Compliance French,https://www.youtube.com/watch?v=aN26J-7q9Hw,10,13,"ThirdParty,NAT,EC2,ELB,SystemsManager,KMS,ApiGateway,UserConsumerMobile,Lambda",control
Capgemini: Refactoring a Data Warehouse to Amazon Redshift,https://www.youtube.com/watch?v=5f3z1Z_9BJA,11,17,"RedShift,EC2,StorageGateway,S3,DirectConnect,RDS,UserCompanyDataStream",data_ingestion
Telecoming: How To Save Up to 70% Using Fargate Spot on a Test Automation Platform (Spanish),https://www.youtube.com/watch?v=OrC9cLYMbas,5,7,"Fargate,ThirdParty,EC2,S3,RDS",control
SundaySky: Create Personalized Videos in Real Time on GPU-based Spot Instances for Video Rendering,https://www.youtube.com/watch?v=6CgqEzyWpeA,12,19,"StepFunctions,EC2,CloudFront,UserConsumerWebMobile,SQS,ApiGateway,S3,Lambda,CloudWatch","compute_intensive,interactive"
Imperva: Building Real-Time Streaming Data Pipelines Using Amazon MSK,https://www.youtube.com/watch?v=ccPhkyPm_3w,6,6,"MSK,OpenSearch,EMR,S3,UserCompanyDataStream,EKS",data_ingestion
1plusX: A RealTime Data Management Platform on AWS,https://www.youtube.com/watch?v=XqsgQxyZ2Tw,11,16,"ThirdParty,UserConsumerAPI,EMR,S3,ECS",data_ingestion
HeyJobs: Moving to a Serverless Data Platform to Process and Enrich Over 3 Million Records a Day,https://www.youtube.com/watch?v=O11BgSm7V14,10,13,"SQS,UserConsumerWeb,Aurora,SageMaker,EventBridge,Lambda,ECS,SNS",data_ingestion
"MindTickle: Building a Secure, Automated, Multi-Region Architecture on AWS",https://www.youtube.com/watch?v=PgeQufaQy7I,8,8,"CloudFront,CloudFormation,LambdaAtEdge,ALB,UserConsumerWeb,EKS,RDS,Route53",interactive
Taysols: Next Best Offer Recommendation System using Amazon SageMaker,https://www.youtube.com/watch?v=GJ1So_pbZWk,9,23,"DynamoDB,RedShift,Glue,UserConsumerWeb,S3,EFS,Lambda,SageMaker",data_ingestion
AWS Solutions: RealTime IoT Device Monitoring with Kinesis Data Analytics,https://www.youtube.com/watch?v=uWUAcc68MWI,11,15,"IoTCore,DynamoDB,CloudFront,Firehose,UserConsumerWeb,KinesisAnalytics,S3,Lambda,Cognito",data_ingestion
Define Media: How Define Media Places Ads with Low Latency Using Sophisticated Machine Learning,https://www.youtube.com/watch?v=QJZHs1CSxu0,6,6,"DynamoDB,SQS,UserConsumerMobile,S3,Lambda,EKS",compute_intensive
Sanofi with TeamWork: OnDemand Data Science Environment,https://www.youtube.com/watch?v=2L0m28ZLmtE,13,11,"ThirdParty,DynamoDB,EC2,CloudFront,ServiceCatalog,Comprehend,ApiGateway,S3,SageMaker,Lambda,Cognito,Translate",compute_intensive
Temenos: Building Serverless Banking Software at Scale,https://www.youtube.com/watch?v=mtZvA7ARepM,9,16,"Fargate,UserConsumerAPI,DynamoDB,ELB,ApiGateway,Lambda,Kinesis,RDS",interactive
NAGRA: NexGuard Watermarking for Securing Streaming Content Using AWS,https://www.youtube.com/watch?v=ZPsBzAwJzoI,12,17,"ThirdParty,DynamoDB,EC2,CloudFront,MediaConnect,MediaLive,LambdaAtEdge,MediaConvert,S3,MediaPackage,UserConsumerTV",interactive
Mediaset: Achieving an Omni-Channel Broadcasting Voting System Near Realtime at Scale,https://www.youtube.com/watch?v=QnwfcDZkwh8,13,18,"Fargate,Firehose,OnPremDC,WAF,ALB,VPN,UserConsumerWeb,UserConsumerMobile,S3,MemoryDB,CloudWatch,UserCompanyDeveloper,UserConsumerTV",interactive
Aventri: SaaS Solution for Event Management,https://www.youtube.com/watch?v=pZ7Lr94noLo,13,15,"Fargate,DynamoDB,UserConsumerWeb,ApiGateway,SQS,S3,Lambda,Chime",interactive
Accellion kiteworks: Cost-Effective CI CD Platform Using Amazon EC2 Spot,https://www.youtube.com/watch?v=FqCs3BD6qvo,6,10,"VPC,ThirdParty,EC2,VPN,UserCompanyDeveloper",control
Go Global: Processing Tens of Different Event Types on a Generic Data Lake Architecture (Hebrew),https://www.youtube.com/watch?v=YiOTd6IfGoU,12,13,"StepFunctions,ThirdParty,RedShift,Firehose,Lambda,OpenSearch,QuickSight,Athena,S3,UserCompanyDataStream,CloudWatch",data_ingestion
Pirelli: Building a Data Platform at Scale,https://www.youtube.com/watch?v=cmYI6axlicc,10,14,"MSK,RedShift,UserCompanyAnalyst,EMR,Aurora,S3,UserCompanyDataStream",data_ingestion
Accenture: Building a Blockchain Circular Supply Chain,https://www.youtube.com/watch?v=5CwIt-Alqhg,11,12,"IoTCore,DynamoDB,UserCompanyAgent,CloudWatch,ALB,SageMaker,CloudHSM,Lambda,S3,EKS,SNS",data_ingestion
ResMed: Improving Patient Outcomes with Serverless at Scale,https://www.youtube.com/watch?v=kszaIJEnKPk,11,13,"UserConsumerEdge,DynamoDB,CloudFront,Lambda,LambdaAtEdge,UserConsumerMobile,S3,AppSync,Kinesis,SNS","data_ingestion,interactive"
Inawisdom: How Insurance Companies are Using IDP to Optimize Document Processing,https://www.youtube.com/watch?v=yXpd8gPfows,9,19,"ThirdParty,DynamoDB,Textract,Comprehend,SageMaker,S3,Lambda,SageMakerGroundTruth",compute_intensive
"Flutura: Digital Twin - Shaping Operations for Maximizing Yield, Reliability and Net-Zero Goals",https://www.youtube.com/watch?v=q_5U7z_vNug,8,15,"UserConsumerEdge,MSK,ThirdParty,EC2,UserCompanyAnalyst,EMR,S3,Lambda",data_ingestion
Melco Resorts & Entertainment: Serverless Architecture Pattern for Melco Club Mobile App,https://www.youtube.com/watch?v=amh7nzl32v4,8,14,"ThirdParty,DynamoDB,SecretsManager,ApiGateway,UserConsumerMobile,Lambda",interactive
TechConnect: Tech Powered Sports with IoT  Machine Learning,https://www.youtube.com/watch?v=iSkWd31X7zo,9,9,"UserConsumerAPI,DynamoDB,Firehose,KinesisDataStream,AppSync,S3,Lambda,Cognito,UserConsumerIOT","data_ingestion,compute_intensive"
Arvind Internet: Building a Multichannel Multitenant Platform with Kubernetes on AWS,https://www.youtube.com/watch?v=l3f29v3IJGA,9,15,"ElastiCache,EC2,WAF,ALB,ApiGateway,ECR,RDS",interactive
Cabify: Building a Massively Scalable Ride-Sharing Mobile App with Containers (Spanish),https://www.youtube.com/watch?v=x76BIV88j_M,8,11,"EC2,ELB,UserConsumerMobile,S3,EKS,RDS,Route53",interactive
FICO: Fraud Detection and AntiMoney Laundering with AWS Lambda and AWS Step Functions,https://www.youtube.com/watch?v=W5qVQr-n5M8,10,20,"StepFunctions,ThirdParty,EC2,UserConsumerWeb,SQS,S3,Lambda,CloudWatch",compute_intensive
HK01: Serverless Analytics for Clickstreams Analysis (Cantonese),https://www.youtube.com/watch?v=yPJf85tjv6M,11,13,"ThirdParty,RedShift,Glue,Firehose,ALB,Athena,UserConsumerWeb,S3,Lambda",data_ingestion
Docebo: How to Create Compelling e-Learning Videos from Documents via AI ML Services,https://www.youtube.com/watch?v=37T7Nd8pL-c,8,12,"StepFunctions,UserConsumerAPI,EventBridge,Textract,SageMaker,S3,Lambda",control
The Washington Post: Building a Content Management Platform with Speed at its Core,https://www.youtube.com/watch?v=0JxJpNjI9Y0,9,17,"UserConsumerAPI,DynamoDB,ElastiCache,ThirdParty,S3,Lambda,ECS",interactive
Olikka: Self Service Hub with Alexa,https://www.youtube.com/watch?v=_pXybA6832o,9,11,"StepFunctions,DynamoDB,WorkSpaces,S3,Lambda,DeepLens,Rekognition,UserConsumerAlexaGoogleHome",interactive
Met Office: Building an Entirely Serverless National Severe Weather Warning System on AWS,https://www.youtube.com/watch?v=D_4dsXVqzMs,7,10,"StepFunctions,ThirdParty,ApiGateway,S3,CloudWatch",control
Avaloq: Automating the Provisioning of a Bank-in-a-Box in Minutes Using Amazon EKS,https://www.youtube.com/watch?v=XG6mHvi4eNU,6,10,"EC2,AMI,ECR,S3,EKS,UserCompanyDeveloper",control
Miriade: Forecasting and Real Time Tracking of the Car Parking Availability Italian,https://www.youtube.com/watch?v=mKZw29_UtoU,10,17,"StepFunctions,DynamoDB,CodeCommit,Firehose,ApiGateway,SageMaker,S3,Lambda,UserCompanyEdge","data_ingestion,interactive"
AWS Solutions: Simple and Secure Media Exchange on AWS,https://www.youtube.com/watch?v=Ly_UhX3LCCs,7,7,"SNS,KMS,S3,EventBridge",other
Enel: Management and Analysis of Meters Data Italian,https://www.youtube.com/watch?v=illMCyp4O9A,10,14,"UserConsumerEdge,ThirdParty,DynamoDB,RedShift,UserCompanyAPI,EC2,BeanStalk,SQS,S3,Kinesis",data_ingestion
Amagi: Powering High Availability Broadcast Playout on AWS Cloud,https://www.youtube.com/watch?v=ilsJgwcAshE,9,9,"EC2,UserCompanyHeadEnd,S3,DirectConnect,EKS,UserConsumerCamera",data_ingestion
FoodHub: Enabling Massive Scale Order Processing with Serverless Architecture,https://www.youtube.com/watch?v=gpWR5JBC64A,8,6,"DynamoDB,UserCompanyAgent,Lambda,QuickSight,UserConsumerMobile,S3,AppSync,Kinesis","data_ingestion,interactive"
Careem: Identity Based Fraud Detection Using Neptune and Neptune ML,https://www.youtube.com/watch?v=acm-HWJhEOA,8,14,"UserCompanyAPI,Neptune,BeanStalk,EMR,SQS,S3,UserCompanyDataStream,RDS",data_ingestion
Dentsu Tracking: Using Serverless to Power an EU Government Supply-Chain Control System,https://www.youtube.com/watch?v=rRvy5Fbei1s,13,13,"UserConsumerAPI,DynamoDB,RedShift,DataPipeline,EC2,QuickSight,SQS,ApiGateway,S3,Lambda",data_ingestion
Sisense: Using Amazon EKS and FSx for Lustre for Multi-Source Data Ingestion and Presentation,https://www.youtube.com/watch?v=SxFag4CMWU8,11,14,"ThirdParty,FSX,RedShift,EC2,Athena,UserConsumerWeb,S3,EKS,RDS",data_ingestion
Nexthink: Going Global with Amazon API Gateway AWS Transit Gateway AWS Lambda and Amazon DynamoDB,https://www.youtube.com/watch?v=unF9tdYjqvU,7,8,"DynamoDB,TransitGateway,UserConsumerWeb,ApiGateway,Lambda,EKS,Route53",other
Tooso: How to Build a Serverless Pipeline for Data Ingestion and PreProcessing Italian,https://www.youtube.com/watch?v=uda9s3U7vFw,10,10,"CloudFront,Firehose,ApiGateway,UserConsumerMobile,S3,Lambda,SNS,Route53",data_ingestion
Fyber: Ultra Scale Event Processing with Apache Spark on Amazon EKS with EC2 Spot Instances,https://www.youtube.com/watch?v=lHM96P5kP2k,11,14,"ThirdParty,EKS,S3,EMR",data_ingestion
Swimming Australia: Going for Gold at the Olympics with Machine Learning,https://www.youtube.com/watch?v=1VcpCVe3tLQ,12,13,"StepFunctions,Glue,Lambda,Athena,ApiGateway,UserConsumerMobile,Aurora,S3,SageMaker,UserCompanyDataStream","data_ingestion,interactive,compute_intensive"
Zillow: Building Speech Analytics Using AWS AI Services,https://www.youtube.com/watch?v=twsGnp2X-aQ,7,8,"StepFunctions,OpenSearch,UserCompanyAnalyst,Transcribe,Comprehend,S3,UserCompanyDataStream","data_ingestion,interactive"
Nanit: How Nanit Streams and Analyzes Video from Hundreds of Thousands of Cameras,https://www.youtube.com/watch?v=hnMQFnTGr3I,9,24,"Route53,ALB,SQS,UserConsumerMobile,S3,Lambda,EKS,RDS,UserConsumerCamera","data_ingestion,interactive"
Ashok Leyland: Running Telematics at Scale,https://www.youtube.com/watch?v=a59halVklMI,12,16,"VPC,MSK,ThirdParty,RedShift,EMR,Athena,S3,SageMaker,RDS",data_ingestion
Vertex Pharmaceuticals: A Serverless Platform for Small Molecule Search,https://www.youtube.com/watch?v=nflGdpwbf54,8,11,"AmazonMQ,Fargate,UserConsumerWeb,ApiGateway,S3,Lambda,ECS,RDS",compute_intensive
Aizon: Seamlessly Integrating Data to Deliver Actionable Insights in Highly Regulated Industries,https://www.youtube.com/watch?v=uhrheMJTV4A,11,15,"IoTCore,DynamoDB,Glue,OpenSearch,Lambda,Athena,UserConsumerWeb,ApiGateway,S3,UserCompanyDataStream,Kinesis",data_ingestion
San Diego Gas & Electric: Using Image Recognition and Machine Learning to Reduce Wildfire Risk,https://www.youtube.com/watch?v=S85DeDgWQSc,12,14,"StepFunctions,LookoutForVision,UserCompanyAnalyst,UserCompanyDrone,Athena,ApiGateway,UserConsumerMobile,Aurora,S3,Lambda,Rekognition",data_ingestion
LeasePlan: Leverages Serverless to Increase Driver Safety Reduce Fleet Costs and Lower Risk,https://www.youtube.com/watch?v=QOtCpD23118,11,10,"ThirdParty,Glue,Athena,SQS,S3,Lambda,Kinesis,UserCompanyEdge",data_ingestion
Kainos: Kainos Advances Patient Care with Next Generation Interoperability Platform,https://www.youtube.com/watch?v=4WjXH8Wp0E4,14,22,"ThirdParty,EC2,Lambda,SQS,UserConsumerWeb,StorageGateway,S3,DirectConnect,UserConsumerHospital,RDS","data_ingestion,interactive"
NewsUK: Rendering News Content with GraphQL and a Serverless Architecture,https://www.youtube.com/watch?v=Kp088QTRmLk,9,10,"ThirdParty,CloudFront,WAF,UserConsumerWeb,ApiGateway,Lambda,Route53",interactive
Xero: Building a Scalable Self-Service Portal for Thousands of Developers Provisioning Resources,https://www.youtube.com/watch?v=Felt-hOU6kU,7,4,"ALB,SQS,RAM,EKS,RDS,UserCompanyDeveloper",control
Ticketmaster: Active-Active Multi-Region Checkout for Ticket Purchases,https://www.youtube.com/watch?v=6iK4WNj6QqI,6,10,"StepFunctions,DynamoDB,UserConsumerWeb,AppSync,Lambda,EKS",interactive
MakeMyTrip: Building Next Generation SOC,https://www.youtube.com/watch?v=-3lnf5lzsH0,13,16,"ThirdParty,EC2,UserCompanyAnalyst,OnPremDC,CloudTrail,WAF,EMR,GuardDuty,Athena,SQS,S3,SNS",data_ingestion
Triboo: Hosting Magento on Containers Italian,https://www.youtube.com/watch?v=6sew_hdI6cY,15,18,"ElastiCache,RedShift,EC2,CloudFront,OpenSearch,WAF,VPN,Aurora,S3,EFS,Lambda,EKS,Route53",other
Atlassian: Secure Code Invocation at Scale with Atlassian Forge on AWS,https://www.youtube.com/watch?v=H2fOkeXxpyw,8,10,"DynamoDB,EC2,UserConsumerWeb,SQS,Lambda,UserCompanyDeveloper",control
Biogen: Centralized Logging Solution for Multi Accounts,https://www.youtube.com/watch?v=m8xtR3-ZQs8,10,10,"ThirdParty,EC2,Firehose,OpenSearch,CloudTrail,S3,Lambda,CloudWatch",data_ingestion
Pushpay Holdings Ltd : Strangling a Monolithic Application While Moving to Microservices on AWS,https://www.youtube.com/watch?v=9Cg81Xgg7LQ,7,7,"ThirdParty,DynamoDB,EC2,Kinesis,ECS,XRay",other
ViacomCBS: Multiplatform Distribution Powered by AWS,https://www.youtube.com/watch?v=UsngU-HjH_Q,9,10,"ThirdParty,DynamoDB,UserConsumerAPI,EC2,Lambda,SQS,ApiGateway,S3,UserCompanyDataStream",control
Toyota Motor NA: Lake House Architecture for Data and Analytics,https://www.youtube.com/watch?v=Kp51k6LY-2c,8,16,"RedShift,Glue,EC2,UserCompanyAnalyst,Athena,S3,UserCompanyDataStream,RDS",data_ingestion
Zappos: Back Office Migration starring Amazon ECS and Amazon Aurora,https://www.youtube.com/watch?v=mZxF1IJEsaY,8,8,"AmazonMQ,DMS,ALB,Aurora,ECS,Route53",data_ingestion
PayGo: Leveraging Smart Meters to Help Customers Conserve Energy!,https://www.youtube.com/watch?v=_EPfIJnBCoM,6,5,"ThirdParty,EC2,ELB,UserConsumerMobile,S3",interactive
Accenture: Natural Language Processing and Graph Databases for the Oil and Gas Industry,https://www.youtube.com/watch?v=ekXdohpAy5U,6,9,"OpenSearch,Lambda,Neptune,Comprehend,SageMaker,UserCompanyDataStream",data_ingestion
St. Louis University: Using Amazon Lex to Answer Students' Questions Through Alexa and a Mobile App,https://www.youtube.com/watch?v=LxeSC3-xMlk,8,15,"Lex,ThirdParty,DynamoDB,OpenSearch,Comprehend,UserConsumerMobile,SNS,UserConsumerAlexaGoogleHome",interactive
PureWeb: Building a Global 3D Streaming Platform For Limitless Experiences,https://www.youtube.com/watch?v=hrhBOOrR5v0,9,12,"Fargate,ElastiCache,EC2,UserConsumerWeb,ApiGateway,S3,Lambda",interactive
Korean Airline: Data Warehouse Modernization on AWS Korean,https://www.youtube.com/watch?v=YosezjoL4MU,12,11,"CodeBuild,CodePipeline,RedShift,Glue,EC2,CodeCommit,UserCompanyAnalyst,DMS,CloudFormation,Athena,S3,RDS",control
Vodafone NZ: Data Driven Omni Channel Contact Center via Automation and Continuous Improvement,https://www.youtube.com/watch?v=OQKOHNtyz3E,11,24,"Lex,ThirdParty,DynamoDB,DevTools,UserCompanyAgent,Connect,UserConsumerMobile,Lambda,UserCompanyDeveloper",interactive
ENGIE Digital: Using Spot Instances to Optimize Costs for Operations Platform for Energy Assets Fr,https://www.youtube.com/watch?v=c863uNkF0w4,10,8,"UserConsumerEdge,UserConsumerAPI,EC2,SystemsManager,CloudFormation,ApiGateway,S3,Kinesis,ECS",data_ingestion
Summit Technology Group: Building a Data Consumption Model for Multi-Tenant Applications,https://www.youtube.com/watch?v=-ahWdCysMYw,8,9,"ThirdParty,UserCompanyAnalyst,QuickSight,ControlTower,TransitGateway,VPN,Aurora,EKS",interactive
Neumora Therapeutics: Enabling DNA and RNA Data Insight for Rapid Genomics Sequencing Drug Discovery,https://www.youtube.com/watch?v=53sUjFv9ByI,6,6,"ThirdParty,FSX,EC2,ECR,UserCompanyDataStream,EKS",data_ingestion
STAX: AWS Automated Data Analytics,https://www.youtube.com/watch?v=HrYfdnPp6qs,10,9,"ThirdParty,Glue,CloudFront,UserCompanyAnalyst,Comprehend,Athena,S3,Cognito",data_ingestion
Heimdall Data: Query Caching Without Code Changes,https://www.youtube.com/watch?v=OWLGK-eVrTw,6,16,"ThirdParty,UserConsumerAPI,ElastiCache,NLB,Lambda,RDS",interactive
GumGum Verity: Low Latency Contextual Analysis and Data Privacy at Scale on AWS Outposts,https://www.youtube.com/watch?v=5QbKp0LQaZo,10,16,"DynamoDB,ElastiCache,Outpost,ALB,UserConsumerWeb,ApiGateway,ECS,EKS",compute_intensive
Graham Media Group: Modernizing Traditional Broadcasting with AWS,https://www.youtube.com/watch?v=D6rG9eZ5Qus,9,9,"ThirdParty,CloudFront,MediaStore,Transcribe,MediaLive,S3,UserCompanyDataStream,MediaPackage,Rekognition",interactive
Versent: The Migration Factory,https://www.youtube.com/watch?v=-wLEkq21cvA,9,10,"ThirdParty,DynamoDB,EC2,AppDiscovery,UserCompanyAgent",control
Majid Al Futtaim: Building a Custom Data Management Solution on AWS,https://www.youtube.com/watch?v=9qTEHITVeLE,9,14,"MSK,ThirdParty,EMR,UserConsumerWeb,S3,EKS,RDS","data_ingestion,interactive"
Salary Overflow: Bringing Transparency to Tech Salaries,https://www.youtube.com/watch?v=Xi6tDqctLsY,8,16,"CloudFront,Lambda,Pinpoint,UserConsumerWeb,Aurora,S3,AppSync,Cognito",interactive
Lockheed Martin: Using Alexa for Business to Securely Access Program Management Status,https://www.youtube.com/watch?v=Wur1GWB03hk,9,14,"DynamoDB,UserConsumerMobile,S3,Lambda,AlexaForBusiness,RDS",interactive
Salesforce: Automating SaaS Application Connectivity,https://www.youtube.com/watch?v=Cw26CrJUqv8,10,9,"ThirdParty,DynamoDB,PrivateLink,TransitGateway,UserConsumerWeb,ApiGateway,Lambda,EKS,SNS",other
AWS Solutions: Media Analysis,https://www.youtube.com/watch?v=uQFtb0iMC_s,8,9,"StepFunctions,OpenSearch,Transcribe,Comprehend,MediaConvert,S3,Lambda,Rekognition",data_ingestion
Ounass: Building a Scalable Recommender Architecture Powered by the Word2vec Algorithm,https://www.youtube.com/watch?v=asZIXK7V-U4,10,16,"StepFunctions,Athena,UserConsumerWeb,ApiGateway,SageMaker,EventBridge,Lambda,S3",data_ingestion
Klap: How to Build a Video Clipping Pipeline in Serverless (French),https://www.youtube.com/watch?v=lTSZT10JMQA,10,21,"StepFunctions,EC2,Lambda,S3,UserCompanyDataStream,ECS,UserConsumerTV",compute_intensive
Benevity: Centralized Logging for Multiple Compute Classes Using OpenSearch,https://www.youtube.com/watch?v=pk5yddJpC_8,9,10,"Fargate,ThirdParty,EC2,OpenSearch,Lambda,UserCompanyDeveloper",data_ingestion
Liberty Mutual: Moving Towards RealTime Financial Closing Using AWS,https://www.youtube.com/watch?v=gD8pzUnXgsU,6,4,"ThirdParty,OnPremDC,CloudFormation,S3,CloudWatch",data_ingestion
Clumio: Enterprise Backup as a Service with an AlwaysOn Security Model,https://www.youtube.com/watch?v=Ozbv9qBsDG8,11,17,"ThirdParty,IAM,KMS,EBS,SQS,S3,EventBridge,Lambda",other
Enoptea: PHP Layer for AWS Lambda French,https://www.youtube.com/watch?v=vb-o1DvvHxk,10,11,"ElastiCache,ELB,BeanStalk,SQS,ApiGateway,S3,Lambda,RDS,UserCompanyDataStream","data_ingestion,interactive"
Oportun: Increasing the Accuracy of SensitiveData Discovery Using Amazon Macie,https://www.youtube.com/watch?v=-kA0ahrhX3I,9,8,"ThirdParty,Glue,QuickSight,Macie,Athena,S3,UserCompanyDeveloper",data_ingestion
Raiffeisen Bank International: Automated Integration of OnPremises Key Management with AWS KMS,https://www.youtube.com/watch?v=H_S7CxtHgSM,11,12,"StepFunctions,ThirdParty,UserCompanyAgent,KMS,EBS,S3,Lambda,SNS",other
Seera Group: Transforming Online Travel Booking with Microservices (Arabic),https://www.youtube.com/watch?v=7wBOFcP1HwA,10,10,"ThirdParty,CloudFront,ELB,CloudWatch,UserConsumerWeb,S3,Lambda,EKS,RDS",interactive
SBB Cargo: Data Collection and Processing with Serverless Analytics Services,https://www.youtube.com/watch?v=4-teOQ_dJvY,9,13,"DynamoDB,UserCompanyAPI,ApiGateway,KinesisAnalytics,Lambda,Kinesis,UserCompanyEdge",data_ingestion
Appway: Securing Sensitive Banking Workflows with Isolated Architecture on AWS,https://www.youtube.com/watch?v=2f_NYiPJQt4,10,9,"Organizations,EC2,S2SVPN,ControlTower,ALB,ApiGateway,S3,EFS,Lambda,Cognito",control
Levels Beyond: Digital Content Orchestration,https://www.youtube.com/watch?v=07lfvavMdfU,10,14,"StepFunctions,DynamoDB,EC2,Transcribe,Comprehend,UserConsumerWeb,MediaConvert,S3,EKS,Rekognition",data_ingestion
Aetion: Deploy Applications  Provision Cloud Resources with AWS Developer Tools,https://www.youtube.com/watch?v=6YkguepAQuQ,10,10,"VPC,CodePipeline,CodeCommit,CloudFormation,IAM,ALB,ECR,ECS,CodeBuild,UserCompanyDeveloper",control
Mueller Water Products: Scalable Ingestion of Sensor Data for Municipal Water Conservation LIVE,https://www.youtube.com/watch?v=MbkLJ62jtMc,6,4,"DynamoDB,UserCompanyAPI,SQS,Lambda,SNS,RDS",control
Innovapost: Scaling to 5M Package Deliveries with Serverless,https://www.youtube.com/watch?v=wE3TmHxyRdA,8,9,"SQS,ApiGateway,S3,Lambda,RDS",control
BASF Digital Farming: Productionizing ML with a Cross-Account Model Deployment Solution,https://www.youtube.com/watch?v=DAJZAygxDZA,8,15,"ThirdParty,UserCompanyAnalyst,ModelRegistry,UserConsumerMobile,SageMaker,UserCompanyDeveloper",control
Vizio: Smart TV Analytics at Scale,https://www.youtube.com/watch?v=BlCXEMp_lqY,6,9,"RedShift,Firehose,QuickSight,S3,Kinesis,UserConsumerTV",data_ingestion
Linke - a Syntax Company: Building a Business Continuity Framework for SAP (Spanish),https://www.youtube.com/watch?v=CsD5bmM6mpY,6,7,"EC2,SystemsManager,Lambda,CloudWatch,SNS,SAP",control
Lancom Technology: Building a Scalable Video Conferencing Application,https://www.youtube.com/watch?v=qIO_54vJ_JI,8,7,"Fargate,EC2,UserCompanyAgent,SQS,UserConsumerMobile,S3",data_ingestion
CM Group: Building an Available Scalable Reliable Email Delivery System,https://www.youtube.com/watch?v=zhCNn7v7mvs,8,11,"UserConsumerAPI,ElastiCache,EC2,NLB,Firehose,Aurora,S3",interactive
William Hill: Highperformance DDOS Protection with AWS,https://www.youtube.com/watch?v=d0EE1HuZSEU,13,21,"VPC,ThirdParty,DynamoDB,EC2,CloudFront,ELB,ShieldAdvanced,WAF,VPCPeering,S3,Lambda,Route53,DirectConnect",control
ContentWise: How we Use Amazon SageMaker in Production Italian,https://www.youtube.com/watch?v=66fPHLmvikk,7,8,"EC2,UserCompanyAnalyst,ECR,SageMaker,S3,Lambda",control
Seera Group: Transforming Online Travel Booking with Microservices,https://www.youtube.com/watch?v=a6kqyqTNJM4,11,15,"ThirdParty,EC2,CloudFront,CloudWatch,UserConsumerWeb,S3,Lambda,EKS,RDS",interactive
Launchmetrics: How Launchmetrics Produces Fashion Luxury and Beauty Data Insights for 1B Users,https://www.youtube.com/watch?v=PBa68gCG0Uk,7,7,"ThirdParty,EC2,OpenSearch,SQS,Aurora,Kinesis",data_ingestion
7-Eleven: Innovation with Serverless for Cash-Based Digital Wallet,https://www.youtube.com/watch?v=HcmEFZukA-Y,9,15,"ThirdParty,UserConsumerPOS,Pinpoint,SQS,ApiGateway,UserConsumerMobile,EventBridge,Lambda,MongoDBAtlas",interactive
Autodesk Data Platform: Product Usage RealTime Analytics Using an Event Driven Architecture,https://www.youtube.com/watch?v=ZNt9qI_LlPk,5,10,"DynamoDB,S3,Lambda,ECS,SNS",data_ingestion
Credimi: Processing and Metadata Extraction of Invoices for Factoring Italian,https://www.youtube.com/watch?v=O5Sn5QCEAzE,7,9,"EC2,ELB,UserConsumerWeb,S3,Lambda,RDS",data_ingestion
Social Quantum: Using Serverless in Gaming,https://www.youtube.com/watch?v=fSV0u48sEVg,7,11,"Fargate,ElastiCache,ALB,UserConsumerMobile,Lambda,CloudWatch,RDS",interactive
ACV Auctions: Learn How ACV Scales to Serve Hundreds of Millions of Auction Requests Per Month,https://www.youtube.com/watch?v=tBavPTWewvI,6,9,"MSK,UserCompanyAnalyst,ELB,UserConsumerWebMobile,EKS,RDS",interactive
AQR: Using ECS to Provide Dev Teams Security & Authentication on a Scalable Container Platform,https://www.youtube.com/watch?v=ftIdBG-UgFY,8,9,"VPC,ThirdParty,EC2,ServiceCatalog,ALB,ACM,ECR,ECS",control
CMD by Mantel Group: Ensuring Safe Vessel Transit at Sea Ports with Data,https://www.youtube.com/watch?v=gcgtLDB0cKA,13,18,"MSK,DynamoDB,Firehose,DynamoDBStream,Athena,UserConsumerWeb,ApiGateway,S3,Lambda,ECS,UserCompanyEdge","data_ingestion,interactive"
NHS Digital: From 137 Minutes to 137 Seconds Using EMR,https://www.youtube.com/watch?v=SSWwnNVYi_Q,8,10,"EC2,KMS,EMR,UserConsumerWeb,DirectoryService,S3,RDS",data_ingestion
Electroneum: Mobile Cryptocurrency Mining!,https://www.youtube.com/watch?v=4zVB5RbSTCo,9,14,"DataPipeline,DynamoDB,EC2,WAF,Athena,ApiGateway,UserConsumerMobile,Lambda,RDS",data_ingestion
INT: Seismic Data Visualization Platform Designed for Cloud,https://www.youtube.com/watch?v=QM96Fv_NAnw,7,6,"ThirdParty,EC2,UserConsumerWeb,ApiGateway,S3,Cognito,RDS",interactive
Simpego: Swiss InsurTech Running All Core Business Processes on AWS (German),https://www.youtube.com/watch?v=fTxvwVj02P0,8,10,"ThirdParty,Glue,Firehose,Athena,UserConsumerWeb,S3,EKS","data_ingestion,interactive"
FINRA: Petabyte-Scale Data Analysis on AWS,https://www.youtube.com/watch?v=Vrx9csoawWc,7,21,"ThirdParty,RedShift,EMR,UserConsumerWeb,S3,ECS",data_ingestion
Haptik: Data Lake for Conversational AI,https://www.youtube.com/watch?v=r2xfxJ-sXMY,9,10,"ThirdParty,Glue,EC2,OpenSearch,UserConsumerWebMobile,Athena,S3,Lambda,Kinesis",data_ingestion
ADP: Unmatched People Data for Extraordinary Outcomes,https://www.youtube.com/watch?v=KiH7hVJKzns,8,14,"MSK,ElastiCache,OpenSearch,ELB,UserConsumerWebMobile,ApiGateway,Aurora,EKS",interactive
amazee.io: Kubernetes Deployments Made Easy,https://www.youtube.com/watch?v=90rWUjKjnAE,8,10,"ThirdParty,EC2,UserConsumerDeveloper,EBS,Aurora,EFS,EKS",control
3M: Building an HPC Modeling Platform to Simplify AWS Usage for Scientists and Engineers,https://www.youtube.com/watch?v=CTG23wd9H74,8,11,"StepFunctions,DynamoDB,EC2,CloudFront,UserCompanyAnalyst,ApiGateway,S3,ECS",interactive
Fundbox: Simplifying Ways to Query and Analyze Data by Different Personas - Go Serverless!,https://www.youtube.com/watch?v=Qz8uXtDC1bY,14,17,"StepFunctions,Fargate,ThirdParty,ApiGateway,ECR,S3,Lambda,CloudWatch,SNS,UserCompanyDeveloper",compute_intensive
MailUp Group: Marketing Campaign Planning and Management Italian,https://www.youtube.com/watch?v=HwHVFWdczVw,9,9,"ElastiCache,DynamoDB,CloudFront,UserConsumerWebMobile,ALB,SQS,S3,ECS,RDS",interactive
New Relic: Automated Monitoring on AWS with New Relic Synthetics,https://www.youtube.com/watch?v=FmhL2334GIY,10,11,"GlobalAccelerator,UserCompanyWebsite,EC2,SQS,ECS,UserCompanyDeveloper",other
"Ookla: Speedtest Intelligence Process 4,000 Reports per Second While Providing Near Real-time Insights",https://www.youtube.com/watch?v=kHPGZOpbnok,8,12,"RedShift,Firehose,Athena,UserConsumerWeb,S3,Lambda,Kinesis,RDS",data_ingestion
Nielsen: Processing 55TB of Data Per Day with AWS Lambda,https://www.youtube.com/watch?v=Jkx6kVbDpL4,13,17,"UserCompanyAnalyst,Lambda,EMR,SQS,S3,UserCompanyDataStream,RDS",data_ingestion
Cedrus: Migrating a Legacy Application to a Serverless Ecosystem,https://www.youtube.com/watch?v=iwDNnyiD26M,9,9,"ThirdParty,DynamoDB,Lambda,UserConsumerWeb,S3,AppSync,Cognito,SNS",interactive
from scratch: Resource Manager Controls Task Distribution with Multiple Amazon EMR Clusters,https://www.youtube.com/watch?v=nM-AkqNh7Yo,8,10,"EC2,EMR,SQS,S3,CloudWatch,RDS",data_ingestion
Equinix: Massive Data Ingest  Analytics with Serverless Cloud Application Architectures on AWS,https://www.youtube.com/watch?v=DxHO2TWVN8I,10,19,"DynamoDB,CloudFront,Firehose,UserCompanyAnalyst,Shield,UserConsumerWeb,ApiGateway,S3,Lambda,ECS",data_ingestion
United Airlines: How to Use AWS Backup to Protect Data from Ransomware Events,https://www.youtube.com/watch?v=bikXzsVihF4,7,10,"StepFunctions,ThirdParty,QuickSight,CloudTrail,IAM,CloudFormation,EventBridge",other
SHOPLINE: Building E-Commerce O2O platform on AWS (Cantonese),https://www.youtube.com/watch?v=mmM_JnYygZM,10,14,"ThirdParty,UserConsumerPOS,CloudWatch,UserConsumerWeb,ApiGateway,S3,UserCompanyDataStream,ECS",interactive
Mission: Gamified Platform Scaling with Amazon EKS,https://www.youtube.com/watch?v=xKaPAihW_gE,8,8,"VPC,ElastiCache,ALB,SQS,UserConsumerMobile,Aurora,EKS",compute_intensive
Infor: Ingest and Analyze Millions of Application Events Daily for Compliance Violations,https://www.youtube.com/watch?v=0gNMEyei-co,9,13,"Fargate,ThirdParty,EMR,SQS,Aurora,S3,EventBridge,UserCompanyDataStream,Kinesis",data_ingestion
Veritiv: Enable Insights to Forecast Sales Demand on AWS Data Lakes,https://www.youtube.com/watch?v=jg85DzUZ9Ac,10,11,"DynamoDB,RedShift,Lambda,DMS,SQS,VPN,S3,UserCompanyDataStream",data_ingestion
Intent: Analyzing Billions of Customer Events Per Day Using Serverless,https://www.youtube.com/watch?v=yVgxqT1vikk,10,16,"Firehose,Lambda,Athena,ApiGateway,S3,UserCompanyDataStream,Kinesis,ECS",data_ingestion
OnScale: Deploying HPCs for CAE Workloads on AWS,https://www.youtube.com/watch?v=bxvZBfbyhiA,9,12,"DynamoDB,EC2,UserConsumerDeveloper,CloudWatch,S3,Lambda,EKS,SNS",compute_intensive
Treasury Intelligence Solutions: Managing Data Growth & Scalability with a Secure Data Lake,https://www.youtube.com/watch?v=ec6j-MaOSUc,11,20,"StepFunctions,ThirdParty,Glue,UserCompanyAnalyst,DMS,ApiGateway,Aurora,S3,Lambda,LakeFormation,UserCompanyDeveloper",data_ingestion
"Zigbang: A Hybrid API of Serverless and ECS, Infra as a Code via CDK",https://www.youtube.com/watch?v=0F7KDLz-kIQ,13,28,"Fargate,ElastiCache,CloudFront,OpenSearch,UserConsumerWeb,ApiGateway,DocumentDB,Lambda,CloudWatch,RDS,Route53",interactive
Toyota Research Institute: On-Demand Self-Service Portal for Data Scientists to Process Data Sets,https://www.youtube.com/watch?v=XGVWdSnml6A,7,8,"UserConsumerEdge,UserConsumerAPI,ThirdParty,FSX,CloudFormation,ServiceCatalog,S3",compute_intensive
Carano Software Solutions: Accelerate Adoption of Microservices with Serverless,https://www.youtube.com/watch?v=k7h0jpLcWdE,8,8,"DynamoDB,UserConsumerWeb,ApiGateway,SQS,S3,Lambda,ECS,SNS",interactive
FINBOURNE: How Finbourne Assures Resiliency Through Chaos Engineering Events Every 17 min,https://www.youtube.com/watch?v=lkDq9g43djw,5,4,"EC2,NLB,Aurora,EKS,Route53",data_ingestion
The Wall Street Journal: Newsroom Enhances Real-Time Updates With AWS AppSync,https://www.youtube.com/watch?v=nt4lQx6tAI8,10,20,"DynamoDB,EC2,OpenSearch,Lambda,ELB,UserConsumerMobile,AppSync,Cognito,Route53",interactive
HMH: Lightweight PCI Compliance Infrastructure on AWS,https://www.youtube.com/watch?v=sSa4ikC8-Jc,11,24,"ThirdParty,CloudFront,AWSConfig,WAF,UserConsumerWeb,S3,SNS","control,interactive"
Tapestry: Machine Learning and Analytics for the Fashion Industry on AWS,https://www.youtube.com/watch?v=ErXwuwF2mRU,9,10,"EC2,Pinpoint,UserConsumerWeb,ApiGateway,S3,Cognito,Lambda,ECS,Amplify",data_ingestion
Taco Bell: Aurora as The Heart of the Menu Middleware and Data Integration Platform for Taco Bell,https://www.youtube.com/watch?v=hf9nMAG9XoU,8,11,"StepFunctions,ThirdParty,Lambda,ApiGateway,Aurora,UserCompanyDataStream,Amplify",control
Insider: How We Ingest Billions of Data Points Daily to Power our Real-Time Products,https://www.youtube.com/watch?v=rHLuQTO6eoo,10,14,"ThirdParty,DynamoDB,UserCompanyAnalyst,ELB,Athena,UserConsumerMobile,S3,EKS",data_ingestion
Ippon with Euler Hermes: Transforming a Monolithic Application of Data Analytics with Microservices,https://www.youtube.com/watch?v=fRv8sOUyhZw,10,13,"ThirdParty,DynamoDB,UserCompanyAPI,OpenSearch,DMS,EMR,S3,Lambda,Kinesis",data_ingestion
Salesflo: Transforming FieldForce Operations Using EventDriven Architecture,https://www.youtube.com/watch?v=qi017F1UwvM,17,24,"StepFunctions,Fargate,ElastiCache,Glue,Athena,UserConsumerWeb,ApiGateway,UserConsumerMobile,S3,Lambda,Kinesis,SNS,RDS,Route53","data_ingestion,interactive"
Coople: Serverless CQRS and Event Sourcing,https://www.youtube.com/watch?v=WtCfHP6rUAY,11,13,"DynamoDB,UserCompanyAPI,Lambda,SQS,S3,UserCompanyDataStream,SNS","control,interactive"
Healthdirect Australia: Using AWS to Connect People with Healthcare,https://www.youtube.com/watch?v=dy-drIboyNA,15,13,"UserConsumerAPI,DynamoDB,OpenSearch,EMR,Athena,ApiGateway,S3,Lambda,Kinesis","data_ingestion,interactive"
Sopra Banking Software: Secured & Industrial Microservices for a Digital Banking Engagement Platform,https://www.youtube.com/watch?v=GxjMSvwcgvw,8,13,"UserConsumerAPI,ElastiCache,UserCompanyAPI,EC2,ELB,RDS",interactive
MATTR: Building Digital Trust at Scale,https://www.youtube.com/watch?v=1xLjtJnfZes,8,6,"AutoScaling,UserConsumerAPI,ThirdParty,ELB,ShieldAdvanced,WAF,UserCompanyDataStream,EKS",interactive
"The New York Times: Giving Developers the Freedom to Deploy, While Governing Cloud Services at Scale",https://www.youtube.com/watch?v=jBffL9zUCSE,7,11,"ControlTower,TransitGateway,ECR,S3,EKS,RDS,UserCompanyDeveloper",control
Accenture: Large Scale Asset Inventory Tracking with AWS Fargate,https://www.youtube.com/watch?v=zr3Kib0i-OQ,7,6,"Fargate,OpenSearch,S3,Lambda,CloudWatch",data_ingestion
"Equifax: Achieving Cost Savings and Reliability with EKS, Graviton2, and Aurora Global",https://www.youtube.com/watch?v=cRxvZBIa-gI,5,4,"ThirdParty,ALB,UserConsumerMobile,Aurora,EKS",interactive
Orion Health: Digital Front Door  Intelligently ConnectingConsumersto their Healthcare,https://www.youtube.com/watch?v=vr00Jg_G6qs,11,14,"DynamoDB,UserConsumerWeb,ApiGateway,S3,Lambda,UserConsumerHospital,Kendra,UserCompanyInternalPlatform",data_ingestion
Ânima Educação: Digitizing Student Experience for Colleges in Brazil,https://www.youtube.com/watch?v=9yziTe6lBwk,10,16,"ElastiCache,RedShift,Glue,CloudFront,ELB,UserConsumerMobile,S3,EKS,RDS,Route53",interactive
ITTStar: AIpowered Search and Discovery of Luxury Goods for Retailers and Wholesalers,https://www.youtube.com/watch?v=Qi9soN5bpU4,8,10,"DynamoDB,Textract,ApiGateway,S3,Lambda,Cognito,Amplify,Rekognition",interactive
Alert Logic: Scaling Storage and Delivery of Petabytes of Search Data,https://www.youtube.com/watch?v=PoYiSKUy8sE,14,19,"StepFunctions,UserConsumerEdge,UserConsumerAPI,DynamoDB,SQS,S3,Lambda,Kinesis,ECS","data_ingestion,interactive"
HBO Max: Automating Remediation of AWS Resource Misconfigurations,https://www.youtube.com/watch?v=uOSpWdAyrZo,8,7,"ThirdParty,AWSConfig,CloudTrail,GuardDuty,Inspector,SecurityHub,EventBridge,Lambda",control
DBS Bank: Scalable Serverless Compute Grid on AWS,https://www.youtube.com/watch?v=T048vs9p1h4,12,23,"UserConsumerAPI,DynamoDB,OpenSearch,SQS,S3,EFS,Lambda,SNS",compute_intensive
GSR: A Crypto Market Maker and Ecosystem Partner,https://www.youtube.com/watch?v=U1P8vZTEB-k,12,14,"UserConsumerAPI,ElastiCache,ThirdParty,EC2,UserCompanyAnalyst,PrivateLink,Batch,Aurora,S3,EFS,DirectConnect,UserCompanyDeveloper","control,compute_intensive"
Alef Education: Building an Adaptive Learning System for K12 Students using AWS,https://www.youtube.com/watch?v=Dp3YAxFp-YM,10,14,"RedShift,ELB,CloudWatch,UserConsumerWeb,ECR,S3,SageMaker,EKS","data_ingestion,compute_intensive"
Fresenius Medical Care: Enabling Patient Care Solutions with Near Real-Time Data-Driven Insights,https://www.youtube.com/watch?v=wtl7CrSQnHA,12,14,"UserConsumerEdge,Glue,Firehose,OpenSearch,OnPremDC,UserConsumerWeb,S3,SageMaker,Lambda,Kinesis",data_ingestion
DAZN: Key Moments in Sport on Live Streaming Video,https://www.youtube.com/watch?v=dWCQw_KvlYQ,12,15,"StepFunctions,Fargate,ThirdParty,DynamoDB,ApiGateway,KinesisAnalytics,UserConsumerMobile,Lambda,ECS,SNS,Rekognition,UserConsumerTV",data_ingestion
3M: Parallel Serverless Workflows for Materials Science,https://www.youtube.com/watch?v=rPGLNw1cOGM,8,20,"DynamoDB,CloudFront,UserCompanyAnalyst,UserConsumerWeb,Aurora,Lambda",interactive
Roche: Enabling EnterpriseWide Analytics and ML with Automated Compliance,https://www.youtube.com/watch?v=oTtPNgcZ05I,10,11,"ThirdParty,RedShift,UserCompanyAnalyst,ServiceCatalog,CloudFormation,Athena,SageMaker,S3,LakeFormation,EKS",control
RSI: Affordably Modernizing Audio and Video Content Management Italian,https://www.youtube.com/watch?v=c6yBZBMwtLk,11,13,"ElementalLive,StepFunctions,DynamoDB,ApiGateway,MediaConvert,S3,MAM,UserCompanyElementalLiveDevice,MediaPackage","data_ingestion,compute_intensive"
Western Union: Using Service Catalog to Share Applications,https://www.youtube.com/watch?v=uBiaWJbTRsE,8,9,"CodeCommit,CodePipeline,ServiceCatalog,CloudFormation,Lambda,UserCompanyDeveloper",control
CrowdStrike: Analyzing Telemetry Streams to Protect Cloud Endpoints,https://www.youtube.com/watch?v=ooVtAAoSH2k,7,9,"EC2,CloudTrail,SQS,S3,SNS,UserCompanyDeveloper",data_ingestion
Taco Bell: Order Middleware - Enabling Delivery Orders at Massive Scale,https://www.youtube.com/watch?v=sezX7CSbXTg,7,8,"StepFunctions,ThirdParty,ApiGateway,UserConsumerMobile,EventBridge,Lambda",interactive
An Under the Hood Tune Up with AWS DeepRacer,https://www.youtube.com/watch?v=N2mktbl8EQk,6,9,"RoboMaker,UserConsumerWeb,S3,SageMaker,Kinesis,CloudWatch",compute_intensive
WEGoT aqua: Scaling IoT Platform for Water Management & Sustainability,https://www.youtube.com/watch?v=CE03UMddoYU,10,12,"UserConsumerEdge,ElastiCache,DynamoDB,EC2,SQS,ApiGateway,Aurora,Lambda",data_ingestion
Mueller Water Products: A Water Intelligent Platform,https://www.youtube.com/watch?v=2e3vOxsHekE,6,6,"UserConsumerEdge,UserCompanyAnalyst,ApiGateway,SageMaker,S3,ECS",data_ingestion
Innovaccer: Deriving Insights from Healthcare Data to Empower Care Teams,https://www.youtube.com/watch?v=M_hqigB9C4I,9,16,"ThirdParty,RedShift,Connect,EMR,UserConsumerWeb,Aurora,S3,UserCompanyDataStream","data_ingestion,compute_intensive"
Lyniate: Scaling Healthcare Data Exchange At Scale with Tenant Isolation,https://www.youtube.com/watch?v=9-6hQdFeolc,8,8,"EC2,NLB,EBS,ECR,UserCompanyCRM,EKS,UserCompanyDeveloper","control,interactive"
Intellect Design Arena: Insurance Risk Assessment with Intellect FABRIC Data Services,https://www.youtube.com/watch?v=AS2JeM2FUzE,9,12,"AmazonMQ,ElastiCache,EC2,ELB,VPCPeering,UserConsumerWeb,UserCompanyDataStream,RDS,MongoDBAtlas","data_ingestion,interactive"
Eyeota: Scalable ML Model Lifecycle Management for Advertising Audience Discovery,https://www.youtube.com/watch?v=sQsAGl7mSQs,12,24,"Glue,EC2,SageMaker,S3,CloudWatch,UserCompanyDeveloper",data_ingestion
"Avio Aero, a GE Aviation Business: Serverless Application to Manage Expense Purchase Approvals",https://www.youtube.com/watch?v=D77FSUkPJ3o,8,12,"ThirdParty,DynamoDB,ELB,UserConsumerWeb,S3,Lambda,ECS",interactive
ēdn: Reinventing Indoor Gardening with Interactive Workflows Using AWS IoT Core and Amazon Pinpoint,https://www.youtube.com/watch?v=bQqJpjv-FXs,6,5,"IoTCore,Lambda,Pinpoint,ApiGateway,UserConsumerMobile,UserCompanyDataStream",data_ingestion
Orangetheory Fitness: Using Chime SDK to Power Coach-led Virtual Workouts with OTlive,https://www.youtube.com/watch?v=Eoq7E6jMtBs,10,20,"DynamoDB,ApiGateway,UserConsumerMobile,Aurora,S3,Lambda,Kinesis,Cognito,Chime",interactive
SGX: Building & Securing a One Stop App for Retail Investors on AWS,https://www.youtube.com/watch?v=WYK-smWKywA,11,23,"ThirdParty,ElastiCache,EC2,CloudFront,ELB,WAF,LambdaAtEdge,ApiGateway,UserConsumerMobile,S3,Lambda",interactive
Tata Global Beverages: How a Global CPG Enterprise Built a Secure Foundation for SAP,https://www.youtube.com/watch?v=wzGYJ6BB0iY,10,12,"ThirdParty,UserConsumerAPI,UserCompanyAPI,Lambda,GuardDuty,ALB,UserConsumerMobile,UserCompanyDataStream",data_ingestion
Veolia: Serverless Solution for Cost Optimization on AWS (French),https://www.youtube.com/watch?v=YlGUMhls9ZA,14,18,"DynamoDB,EC2,ELB,IAM,EBS,S3,Lambda,CloudWatch,RDS",compute_intensive
"Rappi: Leveraging EKS, DocumentDB, RDS and ElastiCache to Quickly Scale Kubernetes Clusters",https://www.youtube.com/watch?v=i4ueYgjVDCw,10,8,"MSK,ElastiCache,EC2,CloudFront,WAF,ALB,UserConsumerMobile,EKS,RDS,UserCompanyDeveloper","control,interactive"
"FPL Technologies: Building On-Demand, Secure, and Scalable Serverless ML Workbenches",https://www.youtube.com/watch?v=gu54VVeDD10,8,9,"Glue,UserCompanyAnalyst,IAM,ECR,SageMaker,S3,Lambda,RDS","data_ingestion,compute_intensive"
DXC: Claims Automation Using Amazon Textract and Amazon Comprehend,https://www.youtube.com/watch?v=LD5ksgnu8r8,11,13,"UserConsumerAPI,DynamoDB,Lambda,Textract,Comprehend,UserConsumerWeb,ApiGateway,S3,UserCompanyDataStream,ECS",compute_intensive
Nike: A Social Graph at Scale with Amazon Neptune,https://www.youtube.com/watch?v=ZCj2wuKBBu4,9,9,"ThirdParty,EC2,ELB,Neptune,ApiGateway,UserConsumerMobile,Lambda,SNS",data_ingestion
Vitesco Technologies Cloud Foundation: A Scalable and Automated Cloud Landing Zone,https://www.youtube.com/watch?v=9-a9Y5THTYo,7,6,"StepFunctions,DynamoDB,ControlTower,UserConsumerWeb,ApiGateway,SES",control
AC3: Multi-stage Geospatial Data Lake with Step Functions (LIVE),https://www.youtube.com/watch?v=co4_t2gN1T8,9,16,"StepFunctions,ThirdParty,DynamoDB,ApiGateway,S3,Lambda,SNS,UserCompanyDeveloper",interactive
ShopFully International Group: Serverless Global Log Ingestion  Analytics System Italian,https://www.youtube.com/watch?v=vdujJAab1LM,9,10,"Glue,CloudFront,Firehose,LambdaAtEdge,Athena,KinesisAnalytics,UserConsumerMobile,S3,Lambda",data_ingestion
HDI Group: Automated Security and Compliance Issue Remediation Using Cloud Native Services,https://www.youtube.com/watch?v=XmIhHtPJWog,10,10,"AccessAnalyzer,Fargate,AWSConfig,UserCompanyAgent,GuardDuty,SecurityHub,EventBridge,Lambda,ServiceNow,UserCompanyDeveloper",interactive
Splunk: Data at Scale by Decoupling Compute and Storage LIVE,https://www.youtube.com/watch?v=5vR5aN_xdI0,9,10,"UserConsumerAPI,ThirdParty,EC2,Firehose,ELB,S3,Lambda",data_ingestion
HDFC Life: Event Driven DataLake and Recovery,https://www.youtube.com/watch?v=h0HE3bOEiMk,7,9,"ThirdParty,DynamoDB,Lambda,DMS,Athena,S3,DirectConnect",control
MindTouch: Modernizing Legacy C Applications to  NET Core on AWS Lambda,https://www.youtube.com/watch?v=mxKhbU_ToMs,9,13,"ThirdParty,EC2,SQS,UserConsumerWeb,Lambda,SNS,UserCompanyDeveloper",compute_intensive
Simplex: Building a Scalable Serverless Cryptocurrency Platform,https://www.youtube.com/watch?v=U8xlmurP-6o,10,10,"ThirdParty,DynamoDB,EC2,EBS,ApiGateway,CloudHSM,Lambda,SNS",interactive
Zulily: A Compelling Suggestive Search Experience Using Amazon DocumentDB with MongoDB Compatibility,https://www.youtube.com/watch?v=Ccutfm_Srzw,11,14,"ThirdParty,ElastiCache,KinesisDataStream,UserConsumerMobile,DocumentDB,Lambda,Kinesis",interactive
TCS: GeoSpatial Data Analysis Using TCS Digital Platform for NextGen Agriculture DNA,https://www.youtube.com/watch?v=Dxq_U1TNx1s,11,17,"EC2,CloudFront,Lambda,UserConsumerMobile,Aurora,UserConsumerSatellite,S3,SageMaker,EKS","data_ingestion,compute_intensive"
globaldatanet: Using AI to Build a Multi-Tenant SaaS Construction Site Monitoring Solution,https://www.youtube.com/watch?v=aY-wF9g0qkM,10,14,"UserConsumerEdge,ThirdParty,UserConsumerWeb,TransferFamily,S3,Lambda,Rekognition",interactive
VietJet: Proactively Defending Your Systems from Bad Bots,https://www.youtube.com/watch?v=KQ6Fg206O9U,10,14,"EC2,CloudFront,Firehose,QuickSight,WAF,LambdaAtEdge,Athena,UserConsumerWeb,S3,Lambda",data_ingestion
Zoho Site24x7: Building Scalable Realtime User Monitoring Systems on AWS,https://www.youtube.com/watch?v=TTlyNWh0gjM,11,15,"ThirdParty,UserConsumerAPI,EC2,ALB,SQS,UserConsumerWeb,Route53",control
Cognizant: Beyond Prediction with a Unique Evolutionary AI Platform,https://www.youtube.com/watch?v=RCWl0rf8lpE,7,10,"EC2,SQS,ECR,S3",compute_intensive
Noventiq: Harnessing Search and Analytics with Event-Driven Architecture on Amazon OpenSearch,https://www.youtube.com/watch?v=JYeXbUdFOdw,8,14,"ThirdParty,OpenSearch,UserConsumerWeb,SES,S3,Lambda,RDS","data_ingestion,interactive"
Dome9: CloudBots Make Compliance Easy,https://www.youtube.com/watch?v=ZA_0RMeeWpY,5,8,"Lambda,ThirdParty,SNS,GuardDuty",compute_intensive
Thales: Automate Security Threat Detection and Remediation with AWS Security Services French,https://www.youtube.com/watch?v=YrEc8oMIxDs,10,14,"StepFunctions,ThirdParty,GuardDuty,Inspector,SecurityHub,CloudWatch",data_ingestion
Instructure: Elevating Digital Education to the Next-Level Event Driven CI/CD Deployments Globally,https://www.youtube.com/watch?v=fppIOuRMI2g,7,7,"CloudFormation,SQS,S3,Lambda,EKS,SNS,UserCompanyDeveloper",control
Traeger Provisions: Personalizing Customer Support Experiences on AWS,https://www.youtube.com/watch?v=hlVnmCfydIs,11,13,"Lex,ThirdParty,DynamoDB,Firehose,Pinpoint,Connect,UserConsumerMobile,S3,EventBridge,Lambda","data_ingestion,interactive"
Tandem Bank: Processing Transaction Data using AWS Lambda with NLP,https://www.youtube.com/watch?v=jV8DwutbXbg,7,11,"Lambda,Kinesis,SQS,RDS",data_ingestion
Samsung Health: Scaling Mobile Application Development with Amazon EKS,https://www.youtube.com/watch?v=S-JSSZZaa94,8,11,"ThirdParty,NLB,CloudWatch,ApiGateway,UserConsumerMobile,EKS,XRay",interactive
Kaleido: Blockchain Cloud at AWS Speed,https://www.youtube.com/watch?v=lecbHMBD8KQ,12,8,"ThirdParty,PrivateLink,KMS,SQS,S3,Lambda,CloudWatch",other
Shin Software: How to Implement a Platform for the Creation of Interactive 3D Applications (Italian),https://www.youtube.com/watch?v=pCZ0bxgBL5c,8,15,"UserConsumerWeb,ApiGateway,S3,Lambda,RDS",interactive
Buzzvil: Segment Processing and Provision for Ad Recommendation Korean,https://www.youtube.com/watch?v=hFx0EF9KEZU,15,23,"ThirdParty,DynamoDB,Firehose,UserConsumerWebMobile,Athena,S3,Lambda,EKS,RDS","data_ingestion,interactive,compute_intensive"
ThingCo: Billions of Data Points Per Day with a NextGeneration Serverless Telematics Platform,https://www.youtube.com/watch?v=StSuG6-iKW4,10,7,"IoTCore,UserConsumerEdge,StepFunctions,DynamoDB,Lex,UserCompanyAgent,Connect,Lambda,Rekognition",interactive
tixCraft: Handling Millions of Ticketing Requests with AWS,https://www.youtube.com/watch?v=Bi-1xjXvKgs,5,6,"UserConsumerWeb,ELB,DynamoDB,EC2",interactive
Halter:Building the Future of Farming with IoT Enabled Livestock and Pasture Management,https://www.youtube.com/watch?v=j-lPgPGBTwQ,11,16,"IoTCore,Fargate,ThirdParty,EC2,UserConsumerFarmer,KinesisDataStream,Athena,KinesisAnalytics,S3,Lambda",data_ingestion
Riot Games: A new data ingest pipeline for league of legends using MSK,https://www.youtube.com/watch?v=iwZLadQ3XpY,7,7,"MSK,ThirdParty,Glue,OnPremDC,UserConsumerMobile,S3,EKS",data_ingestion
Discover Financial Services: Enabling a PCI Compliant Data Science Platform,https://www.youtube.com/watch?v=aQFztbu0BG0,8,8,"ThirdParty,EC2,PrivateLink,TransferFamily,S3,SNS",data_ingestion
Mahindra Electric: Building a Connected Electric Vehicle Platform on AWS,https://www.youtube.com/watch?v=wbh51O3QrE4,10,10,"UserConsumerEdge,Glue,EC2,ALB,Athena,UserConsumerMobile,S3,Lambda,Kinesis,SNS",data_ingestion
LG Electronics  ThinQ: Data Lake Storage for Connected Devices,https://www.youtube.com/watch?v=oEmuI32GYww,10,5,"IoTCore,UserConsumerEdge,ThirdParty,DynamoDB,EC2,Firehose,S3,Lambda,RDS",data_ingestion
eCloudvalley: Build Up An EnterpriseLevel IoT Platform In One Minute Mandarin,https://www.youtube.com/watch?v=l0hlxVNmJPI,14,4,"IoTCore,UserConsumerEdge,AutoScaling,DynamoDB,EC2,IAM,UserConsumerMobile,S3,Lambda,Cognito,SNS,RDS",data_ingestion
TownSq: Providing Performance Insights to Community Managers,https://www.youtube.com/watch?v=E8BGpIxzYc4,10,11,"Glue,CloudFront,Firehose,QuickSight,BeanStalk,Athena,Aurora,S3,UserCompanyDataStream",data_ingestion
Neumora Therapeutics: Advanced MRI Precision Medicine and Brain Data Analysis Visualization at Scale,https://www.youtube.com/watch?v=EiljRL0977M,7,13,"FSX,ThirdParty,EC2,OpenSearch,Batch,EventBridge,Lambda",compute_intensive
Vanguard: A Modern Network TAP Solution for The Cloud,https://www.youtube.com/watch?v=EW4X5z7m-0U,9,11,"ThirdParty,DynamoDB,EC2,CloudFront,ELB,PrivateLink,UserConsumerWeb,Lambda,Kinesis",data_ingestion
ecofit: Responsive Lambda-based Microservices at Scale (LIVE),https://www.youtube.com/watch?v=DnTQ3matqts,14,14,"IoTCore,UserConsumerEdge,Timestream,SQS,ApiGateway,UserConsumerMobile,Greengrass,Lambda,Cognito","data_ingestion,interactive"
Macquarie Bank: Securing Payment Websites at the Edge Serverless-ly (LIVE),https://www.youtube.com/watch?v=sKksbPPDznM,6,8,"CloudFront,ShieldAdvanced,WAF,LambdaAtEdge,UserConsumerMobile,S3",interactive
Singtel: Next-Generation Mobile Financial Services Platform on AWS and Amazon Aurora PostgreSQL,https://www.youtube.com/watch?v=LYP98nPBj2A,5,8,"UserConsumerMobile,Aurora,EC2,ALB",interactive
Ztore: Building a Recommendation System on AWS (Cantonese),https://www.youtube.com/watch?v=CDCLwX2fo2g,8,14,"DynamoDB,EC2,CloudWatch,ALB,UserConsumerMobile,S3,ECS","compute_intensive,interactive"
"Publicis Sapient: A Secure, Scalable & Self-provisioning Process to Create 20,000 accounts with AWS",https://www.youtube.com/watch?v=Fd2c7NDYfpo,8,12,"ThirdParty,Organizations,CloudFormation,SQS,ApiGateway,Lambda,UserCompanyDeveloper",control
The Orchard: How the 'Kafka Data Highway' Boosts Developer Productivity & Enables Business Processes,https://www.youtube.com/watch?v=ItpY_KKR94k,8,7,"Fargate,MSK,EC2,OpenSearch,UserCompanyCRM,S3,Lambda",data_ingestion
MX Player: Achieving Massive Scalability Using Amazon EKS with Spot Instances,https://www.youtube.com/watch?v=NfUwtK8ALtw,9,16,"ThirdParty,ElastiCache,EC2,CloudFront,SQS,UserConsumerWeb,S3",compute_intensive
Spyne.AI: High-Quality Product Visuals at Scale with AI on AWS,https://www.youtube.com/watch?v=0wnNlOg42dc,8,12,"EC2,ALB,SQS,ApiGateway,S3,SageMaker,Lambda,ECS",compute_intensive
Hi Res Cam: High Performance Object Detection with AWS Lambda Rekognition  TensorFlow German,https://www.youtube.com/watch?v=chQ1phTqvnY,10,24,"StepFunctions,AmazonML,DynamoDB,S3,Lambda,SNS,RDS,Rekognition","data_ingestion,compute_intensive"
Cyxtera: How to Enable Secure Zero Trust Access to AWS Resources  Hybrid Architectures,https://www.youtube.com/watch?v=aOZ4H98XROc,8,9,"VPC,UserConsumerEdge,ThirdParty,AutoScaling,EC2,IAM,ApiGateway,Route53",data_ingestion
